id,name,description,unit_price,merchant_id,created_at,updated_at
1,Item Qui Esse,Nihil autem sit odio inventore deleniti. Est laudantium ratione distinctio laborum. Minus voluptatem nesciunt assumenda dicta voluptatum porro.,75107,1,2012-03-27 14:53:59 UTC,2012-03-27 14:53:59 UTC
2,Item Autem Minima,Cumque consequuntur ad. Fuga tenetur illo molestias enim aut iste. Provident quo hic aut. Aut quidem voluptates dolores. Dolorem quae ab alias tempora.,67076,1,2012-03-27 14:53:59 UTC,2012-03-27 14:53:59 UTC
3,Item Ea Voluptatum,Sunt officia eum qui molestiae. Nesciunt quidem cupiditate reiciendis est commodi non. Atque eveniet sed. Illum excepturi praesentium reiciendis voluptatibus eveniet odit perspiciatis. Odio optio nisi rerum nihil ut.,32301,1,2012-03-27 14:53:59 UTC,2012-03-27 14:53:59 UTC
4,Item Nemo Facere,Sunt eum id eius magni consequuntur delectus veritatis. Quisquam laborum illo ut ab. Ducimus in est id voluptas autem.,4291,1,2012-03-27 14:53:59 UTC,2012-03-27 14:53:59 UTC
5,Item Expedita Aliquam,Voluptate aut labore qui illum tempore eius. Corrupti cum et rerum. Enim illum labore voluptatem dicta consequatur. Consequatur sunt consequuntur ut officiis.,68723,1,2012-03-27 14:53:59 UTC,2012-03-27 14:53:59 UTC
6,Item Provident At,Numquam officiis reprehenderit eum ratione neque tenetur. Officia aut repudiandae eum at ipsum doloribus. Iure minus itaque similique. Ratione dicta alias asperiores minima ducimus nesciunt at.,15925,1,2012-03-27 14:53:59 UTC,2012-03-27 14:53:59 UTC
7,Item Expedita Fuga,Fuga assumenda occaecati hic dolorem tenetur dolores nisi. Est tenetur adipisci voluptatem vel. Culpa adipisci consequatur illo. Necessitatibus quis quo velit sed repellendus ut amet.,31163,1,2012-03-27 14:53:59 UTC,2012-03-27 14:53:59 UTC
8,Item Est Consequuntur,Reprehenderit est officiis cupiditate quia eos. Voluptatem illum reprehenderit quo vel eligendi. Et eum omnis id ut aliquid veniam.,34355,1,2012-03-27 14:53:59 UTC,2012-03-27 14:53:59 UTC
9,Item Quo Magnam,Culpa deleniti adipisci voluptates aut. Sed eum quisquam nisi. Voluptatem est rerum est qui id reprehenderit. Molestiae laudantium non velit alias. Ipsa consequatur modi quibusdam.,22582,1,2012-03-27 14:53:59 UTC,2012-03-27 14:53:59 UTC
10,Item Quidem Suscipit,Reiciendis sed aperiam culpa animi laudantium. Eligendi veritatis sint dolorem asperiores. Earum alias illum eos non rerum.,34018,1,2012-03-27 14:53:59 UTC,2012-03-27 14:53:59 UTC
11,Item Rerum Magni,Iusto ratione illum. Adipisci est perspiciatis temporibus. Ducimus id dolorem voluptas eligendi repellat iure sit.,13046,1,2012-03-27 14:53:59 UTC,2012-03-27 14:53:59 UTC
12,Item Et Cumque,Ducimus id perferendis. Libero ullam odit aut quisquam non. Rem eaque distinctio quos. Eaque nihil odit.,39515,1,2012-03-27 14:53:59 UTC,2012-03-27 14:53:59 UTC
13,Item Voluptatem Sint,Nostrum doloribus quia. Expedita vitae beatae cumque. Aut ut illo aut eum.,59454,1,2012-03-27 14:53:59 UTC,2012-03-27 14:53:59 UTC
14,Item Itaque Consequatur,Voluptatibus omnis quo recusandae distinctio voluptatem quibusdam et. Voluptas odio accusamus delectus sunt quia. Non atque rerum vitae officia odit. Magnam iste occaecati in nihil autem saepe.,39891,1,2012-03-27 14:53:59 UTC,2012-03-27 14:53:59 UTC
15,Item Rerum Est,Nemo voluptatem facere aut quo. Consequatur vel voluptas et. Consequuntur quibusdam ea consectetur accusamus sit optio qui.,42629,1,2012-03-27 14:53:59 UTC,2012-03-27 14:53:59 UTC
16,Item Adipisci Sint,Iure cumque laborum hic autem quidem voluptas. Quis eum adipisci neque magnam. Commodi molestiae exercitationem.,22951,2,2012-03-27 14:53:59 UTC,2012-03-27 14:53:59 UTC
17,Item Laudantium Ex,In dolor architecto doloribus omnis fuga. Dolor minima voluptatem libero voluptatem cum magni ipsam. Et est minus quis doloremque. Praesentium voluptatem dicta eos.,60713,2,2012-03-27 14:53:59 UTC,2012-03-27 14:53:59 UTC
18,Item Reiciendis Est,Velit deleniti facilis quo autem. Eaque unde culpa quis officiis aliquam adipisci porro. Facere sequi in ut vitae. Error alias quae et soluta.,36460,2,2012-03-27 14:53:59 UTC,2012-03-27 14:53:59 UTC
19,Item Rerum Saepe,Fugit et officiis. Qui quia quia omnis. Praesentium est repellendus quaerat id magnam voluptas.,3409,2,2012-03-27 14:53:59 UTC,2012-03-27 14:53:59 UTC
20,Item Dolorem Et,Atque voluptatibus molestiae porro. Possimus facere quam dolor voluptate officia soluta. Ipsam dolores tempore ut.,69338,2,2012-03-27 14:53:59 UTC,2012-03-27 14:53:59 UTC
21,Item Repellendus Harum,Minus sit dolorum velit ratione. Et dolore accusantium quam perferendis repudiandae doloremque saepe. Velit illo doloremque.,63665,2,2012-03-27 14:53:59 UTC,2012-03-27 14:53:59 UTC
22,Item Iure Consequatur,Sint et deserunt. Dignissimos cupiditate officiis hic. Dignissimos tempora non laudantium. Non eligendi dolore recusandae fugit sint. Deleniti id corrupti libero ullam suscipit dolorem.,45736,2,2012-03-27 14:53:59 UTC,2012-03-27 14:53:59 UTC
23,Item Assumenda Animi,Repellendus fuga deleniti dolorum voluptatum perspiciatis. Provident harum laudantium voluptatem consequatur quisquam. Qui non odio sunt quia incidunt vel suscipit. Hic repellendus veniam.,54074,2,2012-03-27 14:53:59 UTC,2012-03-27 14:53:59 UTC
24,Item Rerum Ab,Aut error fuga nihil. Eligendi non aut ipsa. Vel quo ad. In aliquid aperiam consequatur. Ut neque consequatur quia.,20137,2,2012-03-27 14:53:59 UTC,2012-03-27 14:53:59 UTC
25,Item Non In,Error sit qui assumenda. Eius qui nostrum ducimus aut. Expedita et exercitationem deserunt quia aut voluptatem.,61898,2,2012-03-27 14:53:59 UTC,2012-03-27 14:53:59 UTC
26,Item Non Deserunt,Est exercitationem enim quisquam odio qui. Impedit sunt id et expedita eligendi assumenda. Voluptas accusamus omnis pariatur autem numquam non.,16153,2,2012-03-27 14:53:59 UTC,2012-03-27 14:53:59 UTC
27,Item Ullam Temporibus,Aut adipisci deserunt fuga. Expedita ut et atque nemo voluptatem quasi. Voluptas veritatis voluptate et molestiae quaerat ut dolore. Minus aut et aliquid quisquam voluptas. Quos ut cumque illo id et neque fugit.,90131,2,2012-03-27 14:53:59 UTC,2012-03-27 14:53:59 UTC
28,Item Quos Dolorum,Non rerum quas ullam magni. Porro nemo similique veritatis. Voluptatem recusandae quis minus.,15285,2,2012-03-27 14:53:59 UTC,2012-03-27 14:53:59 UTC
29,Item Dolor Odio,Quia error ut odit velit voluptatem vel. Ut quisquam aut porro. Magnam cum rem et quia error voluptatum. Consequatur ipsam aliquid impedit dolorem quasi similique. Exercitationem numquam et.,45184,2,2012-03-27 14:53:59 UTC,2012-03-27 14:53:59 UTC
30,Item Eos Quia,Nostrum ut sed at eligendi facilis commodi. Aspernatur ut facilis et eveniet. Quidem explicabo sunt id non rerum eum temporibus. Eius repellat architecto eos quia iure sapiente consequatur. Omnis vitae consequatur voluptatem illo repellendus.,62584,2,2012-03-27 14:53:59 UTC,2012-03-27 14:53:59 UTC
31,Item Voluptate Ducimus,Commodi et quis est maxime. Enim aut qui mollitia. Nostrum voluptas debitis dolorem sit cum aut. Saepe sit ratione voluptatum nemo incidunt odit cumque.,1171,2,2012-03-27 14:53:59 UTC,2012-03-27 14:53:59 UTC
32,Item Illum Distinctio,Dolorum saepe ut architecto sunt quaerat pariatur. In voluptatem modi et fugit autem. Eius occaecati consequatur et consectetur sed. Nostrum rerum eos natus voluptas quasi ut.,8887,2,2012-03-27 14:53:59 UTC,2012-03-27 14:53:59 UTC
33,Item Corrupti Ut,Sunt ipsam rerum esse assumenda laboriosam et. Corrupti quo exercitationem a distinctio. Magni fuga sit. Numquam placeat accusantium voluptatibus rerum ratione. Qui sed voluptatem non non eius.,23868,2,2012-03-27 14:53:59 UTC,2012-03-27 14:53:59 UTC
34,Item Minus Voluptatem,Et perspiciatis ut optio. Cumque sed necessitatibus quidem ipsam est laborum rerum. Occaecati magnam numquam.,36730,2,2012-03-27 14:53:59 UTC,2012-03-27 14:53:59 UTC
35,Item Aut Sint,Voluptas unde praesentium aut sed aut est qui. Illo velit in nihil nobis. Aut eos quia perspiciatis incidunt id quod velit. Et esse dolore doloribus. Qui omnis reprehenderit sint sit cum.,73887,2,2012-03-27 14:53:59 UTC,2012-03-27 14:53:59 UTC
36,Item Omnis Molestiae,Beatae ratione voluptatem rem cumque voluptas consequatur et. In aliquid rerum aliquam est tempore quas. Consequatur deleniti perspiciatis totam illo enim maxime non. Ea et perspiciatis autem ex et tenetur ullam. Aut nam ut ab nostrum.,9318,2,2012-03-27 14:53:59 UTC,2012-03-27 14:53:59 UTC
37,Item Quis Non,Eum tenetur qui quis corrupti nihil animi. In dolorem quis quia. Et voluptas soluta occaecati qui sint expedita. Enim nesciunt dignissimos est nostrum.,10781,2,2012-03-27 14:53:59 UTC,2012-03-27 14:53:59 UTC
38,Item Facere Eveniet,Temporibus aut quia voluptas. Et sunt aut et eum temporibus. Reiciendis quis dignissimos. Velit quisquam perferendis. Eum autem dolorum possimus odit minus officiis.,10605,2,2012-03-27 14:53:59 UTC,2012-03-27 14:53:59 UTC
39,Item Saepe Id,Neque necessitatibus eos est itaque sint ea consequatur. Aut eaque fugit doloremque ducimus. Facere et fugiat. Ut labore quo eos dolores. Dicta rerum occaecati autem.,77359,2,2012-03-27 14:53:59 UTC,2012-03-27 14:53:59 UTC
40,Item Ut Dolores,Et cum quia esse. Nisi aut id in qui. Consequatur eius quas dicta est dolor reiciendis. Quos qui fuga magni quod.,13853,2,2012-03-27 14:53:59 UTC,2012-03-27 14:53:59 UTC
41,Item Consequatur Eius,Temporibus laboriosam suscipit a iusto. Molestias omnis aut dolores debitis amet. Similique et eligendi ut. Maiores sed et at minus commodi dignissimos soluta.,57689,2,2012-03-27 14:53:59 UTC,2012-03-27 14:53:59 UTC
42,Item Sapiente Sed,Eum et vel quam reprehenderit soluta quod voluptates. Maxime expedita voluptatibus. Dicta molestias architecto officia sit. Sed tempora et ducimus totam saepe earum eos.,60558,2,2012-03-27 14:53:59 UTC,2012-03-27 14:53:59 UTC
43,Item Quisquam Voluptatum,A sed et. Rem eligendi sint voluptatem ratione quia consequatur natus. Est nulla tempora et odio aut totam pariatur. Tenetur sed voluptatem ipsum.,45150,2,2012-03-27 14:53:59 UTC,2012-03-27 14:53:59 UTC
44,Item Sequi Minima,Corrupti facilis ut nisi vel provident quia. Aut dignissimos enim molestiae. Laudantium in autem est. Ipsa adipisci magni quam.,64814,2,2012-03-27 14:53:59 UTC,2012-03-27 14:53:59 UTC
45,Item Id Aut,Blanditiis alias cupiditate dolores. Cum architecto est magnam similique quis culpa est. Incidunt consequatur sunt maxime veritatis labore officia. Quaerat nemo molestias et omnis quia.,31876,2,2012-03-27 14:53:59 UTC,2012-03-27 14:53:59 UTC
46,Item Excepturi Et,Occaecati excepturi quisquam. Eligendi dolore dolorem officiis est aut. Alias omnis aspernatur id et qui. Rerum voluptates vitae illo velit cumque odit id. Quos omnis eum.,39226,2,2012-03-27 14:53:59 UTC,2012-03-27 14:53:59 UTC
47,Item Et Deleniti,Eaque laboriosam iste possimus. Ut nihil est labore. Ut sit eos saepe quis aut magnam. Aut quia ut officiis voluptate sint. Voluptatem cumque distinctio aut ipsum et commodi.,84787,2,2012-03-27 14:53:59 UTC,2012-03-27 14:53:59 UTC
48,Item Aut Sunt,Nulla delectus culpa ut quo provident nostrum. Cupiditate molestiae qui voluptatem repellat eum ut ut. Nisi aliquam adipisci.,75985,2,2012-03-27 14:53:59 UTC,2012-03-27 14:53:59 UTC
49,Item Saepe Nihil,Ea consectetur omnis quia aliquam et quasi. Incidunt rerum autem sint est ratione. Est illum reiciendis. Soluta rem minima et similique et.,41537,2,2012-03-27 14:53:59 UTC,2012-03-27 14:53:59 UTC
50,Item Facere Ex,Et est cum ipsam occaecati quidem aspernatur. Inventore quae recusandae. Molestiae nemo quis asperiores nobis. Corrupti quaerat est. Id consequatur possimus dolorem qui.,89333,2,2012-03-27 14:53:59 UTC,2012-03-27 14:53:59 UTC
51,Item Optio Magnam,Non cum provident cumque a dolores voluptates iste. Qui distinctio hic. Officia consequatur et.,26252,2,2012-03-27 14:53:59 UTC,2012-03-27 14:53:59 UTC
52,Item Sit Facere,Vero libero laboriosam qui expedita dignissimos. Deserunt aliquam et aut accusamus aut iure natus. Qui eveniet quidem. Et praesentium quos doloremque quidem aut ab. Eius doloribus aut nisi.,85642,2,2012-03-27 14:53:59 UTC,2012-03-27 14:53:59 UTC
53,Item Sunt Nesciunt,Magni eos cupiditate animi. Ea consequatur saepe quo earum. In magni dolorem maxime tempora. Inventore iure ad delectus quo neque voluptates. Optio repellat occaecati.,71198,2,2012-03-27 14:53:59 UTC,2012-03-27 14:53:59 UTC
54,Item Enim Error,Odio inventore quis quia nesciunt. Libero id ipsam et. Perspiciatis porro vero quia aut aperiam. Quaerat rerum et sit earum ut tempore illum.,77596,3,2012-03-27 14:53:59 UTC,2012-03-27 14:53:59 UTC
55,Item Delectus Dolorem,Et et odit sunt maxime facilis. Tenetur incidunt hic molestiae sequi tempore. Officia repellendus sit in tempore. Sit quam voluptatum qui. Labore voluptate ut perferendis suscipit ut rerum veritatis.,74550,3,2012-03-27 14:53:59 UTC,2012-03-27 14:53:59 UTC
56,Item Iusto Atque,Voluptas repellat voluptas similique incidunt optio quibusdam. Sint quos cupiditate illo. Voluptates dolores est recusandae ex laborum est quasi. Voluptates voluptatem quis deleniti. Velit laboriosam ea.,53898,3,2012-03-27 14:53:59 UTC,2012-03-27 14:53:59 UTC
57,Item Et Reiciendis,In qui eveniet itaque et et vel. Iusto sunt facere ex et enim porro expedita. At dolore ab perferendis ex. Dolor debitis illum nulla.,41548,3,2012-03-27 14:53:59 UTC,2012-03-27 14:53:59 UTC
58,Item Aperiam Voluptatibus,Quasi pariatur et dolor expedita assumenda animi. Voluptas natus numquam. Sint culpa odio. Velit ut aspernatur.,64688,3,2012-03-27 14:53:59 UTC,2012-03-27 14:53:59 UTC
59,Item Consequatur Eum,Qui quibusdam eos. Itaque recusandae impedit consequatur commodi inventore et. Et voluptates quia non omnis commodi adipisci. Quasi praesentium id quibusdam nesciunt. Et nobis qui reprehenderit.,45080,3,2012-03-27 14:53:59 UTC,2012-03-27 14:53:59 UTC
60,Item Accusantium Assumenda,Delectus et quia. Quia praesentium officia recusandae temporibus. Porro suscipit perferendis enim quo.,83380,3,2012-03-27 14:53:59 UTC,2012-03-27 14:53:59 UTC
61,Item Quas Maiores,Porro sapiente corporis deleniti accusamus autem animi. Sunt molestiae sit hic illo. Molestiae eum est voluptas nostrum corporis illum natus.,26172,3,2012-03-27 14:53:59 UTC,2012-03-27 14:53:59 UTC
62,Item Harum Molestiae,Fuga modi eos iusto nisi vero omnis. Blanditiis corrupti quibusdam deleniti qui. Quasi qui maiores tenetur omnis odit incidunt. Omnis ut tenetur. Expedita iure maxime.,60945,3,2012-03-27 14:53:59 UTC,2012-03-27 14:53:59 UTC
63,Item Unde Id,Voluptatum iste ad rem placeat iusto nulla. Qui dolore nostrum non amet illo voluptatem ut. Sunt mollitia id quis quas modi. Vero non corporis soluta eveniet voluptatem.,54001,3,2012-03-27 14:53:59 UTC,2012-03-27 14:53:59 UTC
64,Item Voluptates Qui,Nobis quasi excepturi id dignissimos necessitatibus ad vitae. Eligendi quis facere reiciendis blanditiis adipisci corporis. Nisi commodi sit dignissimos quo nulla nam. Officiis ut accusamus necessitatibus fugit delectus nesciunt repellat. Eum sunt optio nihil laborum incidunt vel magnam.,16497,3,2012-03-27 14:53:59 UTC,2012-03-27 14:53:59 UTC
65,Item Aut Dolorem,Quod exercitationem repellat mollitia possimus rerum. Hic aliquid et eum expedita. Eligendi illum earum vero ut voluptatum at ipsum. Dolorum amet aut enim dolores.,96377,3,2012-03-27 14:53:59 UTC,2012-03-27 14:53:59 UTC
66,Item Fuga Earum,Consequuntur alias voluptatem voluptatem quis odio quia accusamus. Repellat tempora quia sint. Voluptates officia omnis omnis sint sapiente et cum. Aut accusantium modi delectus earum. Sunt animi ad sint.,40482,3,2012-03-27 14:53:59 UTC,2012-03-27 14:53:59 UTC
67,Item Est Tempore,Sit et eveniet est dolor soluta nihil consequatur. Voluptatem modi sapiente nam. Esse sunt cumque ea aut aut consequatur quia.,13649,3,2012-03-27 14:53:59 UTC,2012-03-27 14:53:59 UTC
68,Item Ducimus Error,Recusandae unde quidem delectus error sit. Id delectus voluptas. Nemo mollitia voluptatibus cumque cupiditate voluptatem. Iure reprehenderit deleniti voluptatum et necessitatibus. Voluptas ducimus nisi laboriosam.,33385,3,2012-03-27 14:53:59 UTC,2012-03-27 14:53:59 UTC
69,Item Voluptas Provident,Eum vero laudantium reiciendis. Et neque aut ut. Et iusto sunt inventore omnis possimus. Dolorem voluptatibus error debitis sit sunt consequatur. Officiis fuga at ab ullam quia numquam eum.,56089,3,2012-03-27 14:53:59 UTC,2012-03-27 14:53:59 UTC
70,Item Dolor Dolores,Inventore adipisci sapiente. Doloremque nisi exercitationem. Eum optio quibusdam cumque esse velit rerum. Vel eaque vero. Voluptatum deserunt est.,3797,3,2012-03-27 14:53:59 UTC,2012-03-27 14:53:59 UTC
71,Item Earum Asperiores,Velit amet et iusto aperiam autem. Ullam numquam officia molestiae consequatur. Modi rem odit laudantium unde et suscipit. Unde non aut libero omnis voluptatem.,2896,3,2012-03-27 14:53:59 UTC,2012-03-27 14:53:59 UTC
72,Item Assumenda Impedit,Voluptatem perspiciatis at inventore. Id eius tempore exercitationem cupiditate odit quia. Natus perspiciatis inventore dicta. Praesentium perferendis voluptatum expedita ipsa sit. Excepturi aperiam doloremque explicabo dolor et ab.,91810,3,2012-03-27 14:53:59 UTC,2012-03-27 14:53:59 UTC
73,Item Aut Placeat,Perferendis sed perspiciatis similique rerum corporis. Repudiandae perspiciatis explicabo. Quos recusandae quas perferendis. Est commodi ducimus perferendis voluptatem aut expedita quo.,40005,3,2012-03-27 14:53:59 UTC,2012-03-27 14:53:59 UTC
74,Item Occaecati Non,Numquam repudiandae id commodi voluptatibus deleniti exercitationem. Et quo eos esse aspernatur sapiente dolorem dicta. Quia qui dolorum rem soluta. Dolores culpa vel et voluptate. Repellendus in nemo quo ea autem nulla exercitationem.,92382,3,2012-03-27 14:53:59 UTC,2012-03-27 14:53:59 UTC
75,Item Autem Eligendi,Aliquam dolores dolore voluptas nesciunt non praesentium. Eum nihil repellendus modi. Aut in expedita nesciunt. Ut aliquam dicta omnis voluptas.,29949,3,2012-03-27 14:53:59 UTC,2012-03-27 14:53:59 UTC
76,Item Voluptas Voluptatem,Dignissimos sunt magnam qui eos velit aliquam et. Atque sit rerum consequatur. Hic alias tenetur iusto fugit non. Natus dicta quis porro. Laudantium possimus quasi vel autem qui sunt.,74183,3,2012-03-27 14:53:59 UTC,2012-03-27 14:53:59 UTC
77,Item Numquam Omnis,Quia blanditiis voluptas officia eligendi voluptates ut. Vel inventore eos. Voluptas est asperiores aut vitae tempore.,64804,3,2012-03-27 14:53:59 UTC,2012-03-27 14:53:59 UTC
78,Item Repellendus Quasi,Est suscipit aut et error ab perferendis. Cum officiis quia libero eaque aut dolorum. Sapiente et et quod autem dolor et quis.,4795,3,2012-03-27 14:53:59 UTC,2012-03-27 14:53:59 UTC
79,Item Ut Iusto,Vel veniam quia. Et nemo eum expedita sit. Aut id ut est necessitatibus magnam.,36823,3,2012-03-27 14:53:59 UTC,2012-03-27 14:53:59 UTC
80,Item In Sed,Voluptas aliquid dolores deserunt dolor ipsa. Illum eum aspernatur et. Sit repellendus neque dolor. Qui natus omnis dicta occaecati placeat. Odio ipsam nisi cupiditate nihil exercitationem qui labore.,54808,4,2012-03-27 14:53:59 UTC,2012-03-27 14:53:59 UTC
81,Item Neque Aliquam,Laudantium non rerum rerum consequuntur. Facilis voluptatem quia ducimus. Distinctio assumenda voluptas dolores quod inventore. Delectus voluptatem in impedit voluptatem quos.,13774,4,2012-03-27 14:53:59 UTC,2012-03-27 14:53:59 UTC
82,Item Dolores Error,Dolorum facere consequatur molestias voluptas id autem. Quisquam assumenda molestias reiciendis natus dolorem maiores quod. Vel minima eos et aspernatur.,58542,4,2012-03-27 14:53:59 UTC,2012-03-27 14:53:59 UTC
83,Item Blanditiis Eum,Quos et consequatur nam illo eaque. Et necessitatibus et. Veritatis quo doloribus.,61009,4,2012-03-27 14:53:59 UTC,2012-03-27 14:53:59 UTC
84,Item Hic Soluta,Quam enim sequi. Distinctio quod earum ut deleniti assumenda sed. Id est et accusamus aut.,88026,4,2012-03-27 14:53:59 UTC,2012-03-27 14:53:59 UTC
85,Item Voluptatem A,Vitae molestias ea neque ipsum. Sit aliquid magnam impedit. Aut temporibus quod modi corrupti velit exercitationem natus. A sed nemo maxime nisi. Quos molestias ut ut.,6853,4,2012-03-27 14:53:59 UTC,2012-03-27 14:53:59 UTC
86,Item Incidunt Porro,At in enim vitae. Aut quam dolorum. Maiores aut reiciendis dignissimos incidunt. At voluptatem velit voluptas tempore quidem esse vel. Officiis corporis ipsa vel et quos ut.,48928,4,2012-03-27 14:53:59 UTC,2012-03-27 14:53:59 UTC
87,Item Ut Quo,Qui facilis est voluptatum perspiciatis. Numquam perferendis modi. Error sint et totam officiis accusamus.,38836,4,2012-03-27 14:53:59 UTC,2012-03-27 14:53:59 UTC
88,Item Quaerat Voluptatem,Debitis odit in minus earum. Nisi eum quia. Velit maxime et. Aliquam iusto fugit pariatur nam maxime. Praesentium dignissimos distinctio et ut voluptatem aliquam.,31976,4,2012-03-27 14:53:59 UTC,2012-03-27 14:53:59 UTC
89,Item Nobis Repudiandae,Voluptas qui sit odio. Molestias eos inventore. Natus optio quasi aut. In assumenda in vel incidunt.,62500,4,2012-03-27 14:53:59 UTC,2012-03-27 14:53:59 UTC
90,Item Et Dolorem,Vel provident et ipsam delectus explicabo earum. Magni totam consequuntur ex dolores odio voluptatibus. Quibusdam reiciendis debitis aperiam. Tempora ipsa nostrum. Modi ut aliquam.,15838,4,2012-03-27 14:53:59 UTC,2012-03-27 14:53:59 UTC
91,Item Voluptate Quo,Sapiente dolorem numquam perspiciatis eaque placeat. Architecto ut deserunt maiores. Saepe neque sunt quis cupiditate provident non ut. Beatae velit dolor dignissimos id placeat voluptatibus.,58637,4,2012-03-27 14:53:59 UTC,2012-03-27 14:53:59 UTC
92,Item Corporis Modi,Quidem minus temporibus ullam. Qui placeat rerum molestiae reiciendis nemo in voluptatibus. Cum quisquam sed voluptas adipisci minus non animi. Quod quaerat incidunt. Ipsam corporis laudantium aut unde consequuntur dolores iure.,75043,5,2012-03-27 14:53:59 UTC,2012-03-27 14:53:59 UTC
93,Item Sunt Sed,Veniam voluptate sequi. Quam voluptas voluptates saepe impedit deserunt optio est. Vitae voluptatem doloribus eligendi sit. Quod voluptatum aliquam earum.,96915,5,2012-03-27 14:53:59 UTC,2012-03-27 14:53:59 UTC
94,Item Fuga Eum,Iure et quis illum quia est architecto quia. Nesciunt numquam et mollitia eaque. Dignissimos aliquam aut rerum natus perferendis.,85239,5,2012-03-27 14:53:59 UTC,2012-03-27 14:53:59 UTC
95,Item Alias Cum,Ipsa beatae ut aliquam ut distinctio consequuntur. Voluptas dolorum atque. Reprehenderit quibusdam minima deleniti consequatur.,61358,5,2012-03-27 14:53:59 UTC,2012-03-27 14:53:59 UTC
96,Item Totam Qui,Repellendus voluptate quo facere. Asperiores exercitationem labore rerum ratione sit sunt quam. Porro reiciendis qui ea nobis sapiente. Eos consequatur consequatur nihil. Officia nesciunt esse doloremque alias ea.,25737,5,2012-03-27 14:53:59 UTC,2012-03-27 14:53:59 UTC
97,Item Recusandae Voluptas,Debitis labore culpa ut maiores sunt et. Praesentium ut qui. Eos dolorem odio rerum aut delectus.,28455,5,2012-03-27 14:53:59 UTC,2012-03-27 14:53:59 UTC
98,Item Velit Ea,Consequatur molestiae et occaecati qui veritatis velit. Est asperiores officiis dolores. Quasi similique rem numquam ea repudiandae eaque. Dolor veniam occaecati voluptatum.,11571,5,2012-03-27 14:53:59 UTC,2012-03-27 14:53:59 UTC
99,Item Inventore Omnis,Consectetur ut deleniti. Optio iusto architecto laborum et. Id ratione aut qui optio atque.,39058,5,2012-03-27 14:53:59 UTC,2012-03-27 14:53:59 UTC
100,Item Soluta Libero,Aut quod dolores minima quia doloremque porro cupiditate. Laboriosam doloribus adipisci illum qui. Aliquam quod maiores.,58238,5,2012-03-27 14:53:59 UTC,2012-03-27 14:53:59 UTC
101,Item Quisquam Dolorem,Sunt deserunt omnis dignissimos. Eaque non earum possimus. Ut aut reiciendis possimus architecto. Cupiditate at consequatur quod. Deserunt eligendi quisquam sequi et sit.,25616,5,2012-03-27 14:53:59 UTC,2012-03-27 14:53:59 UTC
102,Item Porro Voluptatem,Necessitatibus veritatis tenetur illo ab. Culpa beatae vel praesentium qui sit id. Aut quia accusamus veritatis sint. Ipsam facere nemo non. Soluta alias voluptatum.,75990,5,2012-03-27 14:53:59 UTC,2012-03-27 14:53:59 UTC
103,Item Quidem Exercitationem,Laboriosam officia placeat. Est placeat odio porro. Sit saepe rerum. Et dolor distinctio id nisi.,23940,6,2012-03-27 14:53:59 UTC,2012-03-27 14:53:59 UTC
104,Item Et Sequi,Quam beatae praesentium vel. Asperiores labore sunt. Sequi voluptatem dolore. Voluptatem rerum aspernatur recusandae cum molestiae error. Autem id modi ut accusantium maiores assumenda amet.,1061,6,2012-03-27 14:53:59 UTC,2012-03-27 14:53:59 UTC
105,Item Laboriosam Vel,Vel id molestiae. Eos quam optio laboriosam. Fuga qui quia numquam sint et. Sunt ut nisi rerum totam. Sunt illo sint expedita.,45346,7,2012-03-27 14:53:59 UTC,2012-03-27 14:53:59 UTC
106,Item Necessitatibus Voluptatem,Inventore ducimus dolorem. Temporibus quis ut omnis similique. Nulla vitae est. Doloremque delectus et ea rem dolore et.,90267,7,2012-03-27 14:53:59 UTC,2012-03-27 14:53:59 UTC
107,Item Blanditiis Ad,Quibusdam deleniti et. Provident et sequi. Iste reprehenderit sed optio minima.,84552,7,2012-03-27 14:53:59 UTC,2012-03-27 14:53:59 UTC
108,Item Molestiae Autem,Quod non et. Aut autem atque laborum qui tenetur consequatur eligendi. Voluptate ut corporis.,97356,7,2012-03-27 14:53:59 UTC,2012-03-27 14:53:59 UTC
109,Item Id Necessitatibus,Ab asperiores commodi fuga sed distinctio. Tempora ut neque vel. Sint soluta alias mollitia dicta quis. Dolores et omnis nulla dolore sunt.,88729,7,2012-03-27 14:53:59 UTC,2012-03-27 14:53:59 UTC
110,Item Voluptatem Consequatur,Quis quam qui distinctio. Maiores amet omnis recusandae. Sed omnis necessitatibus. Ab quasi itaque in quis quibusdam. Autem saepe molestiae vel voluptas.,8166,7,2012-03-27 14:53:59 UTC,2012-03-27 14:53:59 UTC
111,Item Nam Dolores,Voluptatibus similique aut maxime est consequatur et est. Et voluptas autem id. Nihil doloribus sed inventore laboriosam libero id. Soluta ipsum corrupti earum veniam cum voluptatem. Ut magnam consequatur quisquam dignissimos.,59164,7,2012-03-27 14:53:59 UTC,2012-03-27 14:53:59 UTC
112,Item Cupiditate Amet,Consequatur et et illo accusamus veniam quos. Optio non et necessitatibus omnis fugiat quasi iusto. Neque vel nihil.,94405,7,2012-03-27 14:53:59 UTC,2012-03-27 14:53:59 UTC
113,Item Sed Beatae,Repellendus et molestias ut. Autem voluptatum temporibus itaque voluptatem non et deserunt. Et minus ullam illum mollitia. Rem aut velit.,21299,7,2012-03-27 14:53:59 UTC,2012-03-27 14:53:59 UTC
114,Item Nostrum Dolorem,Odit porro rerum cum et soluta. Odio est nam sit nobis dolores et. Eveniet incidunt dolorum.,60346,7,2012-03-27 14:53:59 UTC,2012-03-27 14:53:59 UTC
115,Item Possimus Qui,Aut deserunt dolorem accusamus expedita. Est ea qui quidem tempora natus. Error quo voluptatem eum distinctio natus consequuntur. Iste non eius totam aut.,48990,7,2012-03-27 14:53:59 UTC,2012-03-27 14:53:59 UTC
116,Item Laborum Fugiat,Quasi eum dolorum fugit consequatur. Quod ipsam earum fugit perspiciatis odio. Ut ducimus quia nihil facilis dolorum. Autem ea fuga natus aut itaque. Quidem vel sint mollitia illum dolores distinctio.,67494,7,2012-03-27 14:53:59 UTC,2012-03-27 14:53:59 UTC
117,Item Explicabo Ea,Animi rerum adipisci dolores repellat. Velit esse qui est animi. Sint quis consectetur alias eaque illum perferendis omnis. Omnis suscipit sint iure voluptate excepturi. Soluta deleniti atque dolores aliquam iusto aut.,62631,7,2012-03-27 14:53:59 UTC,2012-03-27 14:53:59 UTC
118,Item Maiores Possimus,Est natus enim. Quibusdam sint est hic debitis. Incidunt maiores fugit voluptatem. Quas consectetur exercitationem odit accusantium ab quia impedit. Ad voluptatem reprehenderit delectus.,62090,7,2012-03-27 14:53:59 UTC,2012-03-27 14:53:59 UTC
119,Item Repudiandae Corrupti,Consectetur ducimus ut sit accusamus. Adipisci hic quia est est. Omnis asperiores dignissimos ipsam perferendis similique. Expedita quae labore illum consectetur.,27717,7,2012-03-27 14:53:59 UTC,2012-03-27 14:53:59 UTC
120,Item Omnis Eaque,Doloremque non ut illum mollitia dicta in facere. Sit facilis sunt. Sed at est tenetur pariatur.,40693,7,2012-03-27 14:53:59 UTC,2012-03-27 14:53:59 UTC
121,Item Ut Quisquam,Ut explicabo cum est est sit voluptatibus eos. Nihil sunt aliquid aut enim accusamus enim quia. Mollitia in reiciendis est rerum quis cupiditate.,56608,7,2012-03-27 14:53:59 UTC,2012-03-27 14:53:59 UTC
122,Item Et Inventore,Exercitationem odit necessitatibus. Velit commodi suscipit voluptatem ut. Vero voluptatem et omnis odio sit labore. Quis in nisi omnis alias accusamus autem. Dolor doloribus rerum et.,43170,7,2012-03-27 14:53:59 UTC,2012-03-27 14:53:59 UTC
123,Item Doloribus Ducimus,Dolor ut recusandae esse. Error magni perferendis rerum incidunt numquam excepturi alias. Id modi consequatur.,37438,7,2012-03-27 14:53:59 UTC,2012-03-27 14:53:59 UTC
124,Item Asperiores Voluptas,Dolor ipsum voluptate odit quam sequi. Delectus enim occaecati voluptatem. Eum odit nisi est. Id quia maxime facere. Adipisci nesciunt harum dolor sed.,51821,7,2012-03-27 14:53:59 UTC,2012-03-27 14:53:59 UTC
125,Item Qui Ducimus,Ratione et ut natus. Aspernatur magnam odio officiis illum. Veritatis nihil dolore dolorem. Adipisci reprehenderit quaerat sint voluptatem.,65265,7,2012-03-27 14:53:59 UTC,2012-03-27 14:53:59 UTC
126,Item Dolore Hic,Veritatis voluptatem suscipit quia est qui. Et ipsam deleniti. Aut est iste facere ad.,14733,8,2012-03-27 14:53:59 UTC,2012-03-27 14:53:59 UTC
127,Item Ut Illum,Enim quae sit doloremque accusantium eaque amet quasi. Provident modi ipsum. Itaque voluptas quis non. In odio velit.,41702,8,2012-03-27 14:53:59 UTC,2012-03-27 14:53:59 UTC
128,Item Est Odio,Atque quo hic labore sed. Dolor labore aliquam. Ut et qui blanditiis corporis nulla. Libero aliquam maiores reiciendis voluptatem officiis. Recusandae vel magni repellendus.,88280,8,2012-03-27 14:53:59 UTC,2012-03-27 14:53:59 UTC
129,Item Tempore Sint,Harum ducimus temporibus enim ut delectus cupiditate voluptatum. Est rerum in ipsam. Quis praesentium doloremque et iusto labore.,64049,8,2012-03-27 14:53:59 UTC,2012-03-27 14:53:59 UTC
130,Item Commodi Vel,Sint est voluptatem impedit distinctio accusamus officia. Quam est placeat non amet. Omnis quia accusamus. Corrupti laudantium et commodi voluptate. Sed est odio molestiae itaque fugiat.,55866,8,2012-03-27 14:53:59 UTC,2012-03-27 14:53:59 UTC
131,Item Est Et,Id et et delectus. Maxime sunt architecto nemo consequatur. Expedita deleniti quibusdam dicta. Maxime repellendus optio quisquam reiciendis adipisci atque.,362,8,2012-03-27 14:53:59 UTC,2012-03-27 14:53:59 UTC
132,Item Repellendus Consequuntur,Ut aut eaque quisquam recusandae placeat deleniti. Ea quae rerum consequatur facere reiciendis nisi sed. Eum aut non optio nulla impedit qui iste. Laudantium qui iusto et modi fugit odit ut.,5760,8,2012-03-27 14:53:59 UTC,2012-03-27 14:53:59 UTC
133,Item Ut Ut,Dolores possimus eligendi officiis. Facere eveniet et vel. Neque non qui quia quaerat sapiente modi.,7159,8,2012-03-27 14:53:59 UTC,2012-03-27 14:53:59 UTC
134,Item Mollitia Ipsa,Non ad tempora. Reiciendis cum quos debitis. Et quia neque sequi dolor eligendi hic quod. Vel at velit sit expedita. Sed vel fugiat.,22546,8,2012-03-27 14:53:59 UTC,2012-03-27 14:53:59 UTC
135,Item Explicabo Iste,Neque culpa aut. Optio et sapiente ex ipsam. Sit quod vitae itaque et sunt. Natus et et aperiam est.,10653,8,2012-03-27 14:53:59 UTC,2012-03-27 14:53:59 UTC
136,Item Explicabo Harum,Ut nihil harum quia. Odio neque qui molestiae. Eligendi fugiat consequatur. Id officiis fugit et. Illo autem est qui.,11788,8,2012-03-27 14:53:59 UTC,2012-03-27 14:53:59 UTC
137,Item Nam Minus,Autem numquam sit tenetur occaecati delectus illo. Ut fugit commodi. Eligendi voluptates nihil necessitatibus temporibus. In doloribus illum nihil odio consequuntur numquam.,5440,8,2012-03-27 14:53:59 UTC,2012-03-27 14:53:59 UTC
138,Item Architecto Repellendus,Aut quam excepturi sint nobis quos accusamus. Commodi sit distinctio illo velit. Magnam laboriosam modi reiciendis voluptas. Quia enim ut expedita eos a. Est aut velit corporis voluptatem sit et et.,20670,8,2012-03-27 14:53:59 UTC,2012-03-27 14:53:59 UTC
139,Item Qui Dignissimos,Eligendi in ipsum voluptas. Alias et ut aperiam eligendi fugit est. Quod ut in. Eos consequuntur et ea dolor atque minima aut.,37587,8,2012-03-27 14:53:59 UTC,2012-03-27 14:53:59 UTC
140,Item Maxime Sed,Sunt quo harum sint corporis nobis. Et vero ad omnis est reprehenderit non consectetur. Omnis explicabo maxime. Rerum nihil veritatis et ut dicta voluptatum vero.,82370,8,2012-03-27 14:53:59 UTC,2012-03-27 14:53:59 UTC
141,Item Debitis Libero,Accusamus tempore beatae molestiae quia qui. Consequatur ad explicabo vero esse commodi. Voluptatem quod sed eaque perferendis vel veniam.,5431,8,2012-03-27 14:53:59 UTC,2012-03-27 14:53:59 UTC
142,Item Sunt Sint,Sapiente molestiae rerum. Maiores id quia. Quidem recusandae optio voluptatem et.,61282,8,2012-03-27 14:53:59 UTC,2012-03-27 14:53:59 UTC
143,Item Distinctio Laborum,Et accusantium tempore eos praesentium omnis. Fugiat cum sit nulla omnis ut adipisci quisquam. Eos sunt beatae exercitationem.,37756,8,2012-03-27 14:53:59 UTC,2012-03-27 14:53:59 UTC
144,Item Quia Nihil,Modi nisi nobis voluptatem aut distinctio. Est hic temporibus ut aut eveniet veniam voluptatum. Dolorem cumque id id sapiente maiores debitis. Perferendis non ea sequi consequuntur officiis. Fugit quibusdam asperiores ea.,13420,8,2012-03-27 14:53:59 UTC,2012-03-27 14:53:59 UTC
145,Item Et Sapiente,Distinctio facilis aspernatur ipsa aut. In voluptatibus debitis aliquid. Enim velit dolor dolores. A rerum deserunt amet et. Aperiam harum magnam non voluptate eaque assumenda voluptas.,59897,8,2012-03-27 14:53:59 UTC,2012-03-27 14:53:59 UTC
146,Item Aliquam Dolores,Magni ut quaerat laborum est voluptatum. Quia vitae qui velit ullam sit officiis et. Accusamus sequi ipsam. Optio animi voluptatibus aut a neque. Non doloremque et et est blanditiis aut rerum.,25840,8,2012-03-27 14:53:59 UTC,2012-03-27 14:53:59 UTC
147,Item Quam Qui,Assumenda placeat rerum deserunt accusamus. Modi aut necessitatibus magni nisi similique facilis occaecati. Ducimus voluptas quo nisi pariatur exercitationem soluta. Sed aliquid et nisi saepe quidem nesciunt.,46349,8,2012-03-27 14:53:59 UTC,2012-03-27 14:53:59 UTC
148,Item Error Maiores,Dolor maxime est. Error porro non cumque. Exercitationem rerum ea. Magni eum rerum. Asperiores id expedita nihil dolorem.,35848,8,2012-03-27 14:53:59 UTC,2012-03-27 14:53:59 UTC
149,Item Sit Porro,Et placeat quasi pariatur dicta quo. Totam facilis officia laborum minima dolorem est unde. Quidem impedit sint ea rem aspernatur quod. Aut similique facere odit voluptas explicabo.,33526,8,2012-03-27 14:53:59 UTC,2012-03-27 14:53:59 UTC
150,Item Illum Velit,Tenetur praesentium alias. Voluptatibus temporibus vero quasi ut et dicta repudiandae. Velit cupiditate optio ex fugiat id doloremque dolorem.,78031,8,2012-03-27 14:53:59 UTC,2012-03-27 14:53:59 UTC
151,Item Reiciendis Quo,Eos eveniet consectetur eum nihil labore. Sint esse error iste perspiciatis. Error quidem commodi perspiciatis. Ab quam maxime modi.,45849,8,2012-03-27 14:53:59 UTC,2012-03-27 14:53:59 UTC
152,Item Eos Veritatis,Id labore ea eum quos et voluptas. Ratione aut modi quo eaque vitae suscipit soluta. Ut asperiores et quia at illum molestias. Aliquid minima incidunt quibusdam blanditiis aut consequatur eum. Deleniti dolores commodi omnis maxime.,59508,8,2012-03-27 14:53:59 UTC,2012-03-27 14:53:59 UTC
153,Item Aliquam Deleniti,Nemo eligendi quidem praesentium harum nesciunt ea sint. Ut asperiores nihil enim id velit qui. Quis magnam officia quo.,96982,8,2012-03-27 14:53:59 UTC,2012-03-27 14:53:59 UTC
154,Item Distinctio Expedita,Tenetur non non totam. Est corporis totam non. Provident esse quidem aut ut ullam. Beatae tenetur non velit autem.,65464,8,2012-03-27 14:53:59 UTC,2012-03-27 14:53:59 UTC
155,Item Magni Odit,Cum ratione beatae blanditiis. Repellendus maxime cum. Quam fugiat reprehenderit quae accusamus itaque placeat eos. Incidunt ducimus blanditiis distinctio qui sunt et quo. Ipsa odio fuga.,60767,8,2012-03-27 14:53:59 UTC,2012-03-27 14:53:59 UTC
156,Item Sit Aut,Quibusdam aut est consequatur doloribus ipsa eum. Voluptas voluptas minima sint eum qui numquam. Sit numquam minima qui aut quos omnis. Sit laboriosam ullam facere accusantium est repellat. Quae quisquam qui eum quis.,71340,8,2012-03-27 14:53:59 UTC,2012-03-27 14:53:59 UTC
157,Item Maiores Quis,Incidunt maxime placeat. Officiis molestiae aut. Dolores et in excepturi in. Officia a dolorem dignissimos.,43685,8,2012-03-27 14:53:59 UTC,2012-03-27 14:53:59 UTC
158,Item Delectus Qui,Quo vel laborum sed rerum iusto sit facilis. Aut quas aut non illo exercitationem aperiam. Vel dolor dolorum itaque laboriosam distinctio ducimus.,21078,8,2012-03-27 14:53:59 UTC,2012-03-27 14:53:59 UTC
159,Item Distinctio Tempore,Consectetur quibusdam et aut optio. Recusandae aut voluptatem beatae ut hic rerum. Esse aut sed sit unde.,66503,8,2012-03-27 14:53:59 UTC,2012-03-27 14:53:59 UTC
160,Item Aperiam Qui,Et ut voluptates et aut. Qui aspernatur sequi asperiores molestias ut eos nobis. Expedita soluta dicta laboriosam iure at est odit.,7196,8,2012-03-27 14:53:59 UTC,2012-03-27 14:53:59 UTC
161,Item Animi In,Veniam vel aut doloremque eligendi est sapiente illum. Similique itaque natus et aliquam sunt. Quibusdam dicta deleniti exercitationem repudiandae in. Sequi dolorum iste vel quam sed. Quod fugiat debitis illum.,57850,8,2012-03-27 14:53:59 UTC,2012-03-27 14:53:59 UTC
162,Item Dolor Ipsa,Incidunt non quo est exercitationem quibusdam rerum voluptatem. Nemo autem et ut. Omnis voluptas repudiandae eos. Omnis inventore facere accusantium. Exercitationem vel cum.,8076,8,2012-03-27 14:53:59 UTC,2012-03-27 14:53:59 UTC
163,Item Incidunt Delectus,Molestias vero deleniti tenetur beatae id quae. Harum in doloribus. Veniam at nihil quod. Sequi debitis ad ullam reiciendis non. Sint quis sint voluptatem.,63497,8,2012-03-27 14:53:59 UTC,2012-03-27 14:53:59 UTC
164,Item Possimus Rerum,Doloremque aliquid consectetur dolorem ut nobis. In aut ea quia quia id corrupti. Dolore debitis et ut ea quia quaerat. Nihil id ut rerum quia accusamus ut qui. Est quos deserunt ipsam eum id.,90850,8,2012-03-27 14:53:59 UTC,2012-03-27 14:53:59 UTC
165,Item Et Voluptatem,Enim eos rerum temporibus distinctio quidem et debitis. Commodi iste qui. Natus laborum voluptatibus. Deleniti suscipit sunt dicta voluptates voluptatem.,61601,8,2012-03-27 14:53:59 UTC,2012-03-27 14:53:59 UTC
166,Item Ut Commodi,Eum numquam nulla libero exercitationem voluptatum. Sint dignissimos occaecati eaque similique praesentium voluptas voluptate. Qui numquam aut fugit mollitia sunt perspiciatis. Dicta laborum corrupti. Voluptatem sit excepturi omnis iure.,79569,8,2012-03-27 14:53:59 UTC,2012-03-27 14:53:59 UTC
167,Item Dicta Est,Ullam iste assumenda nesciunt aut neque. Est et expedita consectetur eos maiores perferendis aliquid. Placeat explicabo aut blanditiis culpa ipsa.,89135,9,2012-03-27 14:53:59 UTC,2012-03-27 14:53:59 UTC
168,Item Ut Perferendis,Voluptas dolorem error porro aperiam. Iure cum aut quidem nesciunt sint voluptatibus doloremque. Tenetur et iusto. Libero quibusdam expedita optio. Ad quis sit ullam error quia.,76195,9,2012-03-27 14:53:59 UTC,2012-03-27 14:53:59 UTC
169,Item Ut Sequi,Sed illum unde consequuntur molestias. Alias maiores quis odio. Ipsum officia sapiente unde enim.,71062,9,2012-03-27 14:53:59 UTC,2012-03-27 14:53:59 UTC
170,Item Cumque Nesciunt,Et vitae iste. Repellat itaque ut consequatur est dignissimos. Odio ipsum officiis. Alias velit laboriosam itaque ullam quod. Repellat ut molestiae impedit et laboriosam in.,86714,9,2012-03-27 14:53:59 UTC,2012-03-27 14:53:59 UTC
171,Item Inventore Sint,Quia consequatur similique optio voluptatibus. Iure assumenda possimus reprehenderit totam consequatur. Esse ab rerum. Eos delectus eos asperiores inventore reprehenderit a dolorem.,90994,9,2012-03-27 14:54:00 UTC,2012-03-27 14:54:00 UTC
172,Item Quo Doloribus,Id illo deleniti rem suscipit et. Nisi magni neque eos. Et qui omnis omnis sed. Nostrum repellat voluptatem voluptate qui unde incidunt molestiae.,38714,9,2012-03-27 14:54:00 UTC,2012-03-27 14:54:00 UTC
173,Item Optio Inventore,Velit quasi suscipit quas aut ipsam sapiente. Velit quo repudiandae voluptates sequi qui nesciunt et. Voluptatem velit qui provident aut saepe officia nemo. Quia fugiat perferendis hic voluptatem.,41243,9,2012-03-27 14:54:00 UTC,2012-03-27 14:54:00 UTC
174,Item Vel Fugiat,Sed nostrum totam explicabo consectetur consequatur doloribus. Esse et provident illum porro. Corporis rem ut qui laudantium quam omnis aut. Et cum a est. Excepturi nostrum aut ipsam aspernatur reiciendis magni.,47147,9,2012-03-27 14:54:00 UTC,2012-03-27 14:54:00 UTC
175,Item Magni Recusandae,Expedita doloremque earum. Provident rerum sapiente nam vero debitis quo. Assumenda autem deserunt natus itaque. Perspiciatis maiores vero voluptate.,59563,9,2012-03-27 14:54:00 UTC,2012-03-27 14:54:00 UTC
176,Item Iure Eum,Suscipit provident cum sit voluptatem voluptas iure voluptatum. Sit quae placeat. Fugit quidem dolore perspiciatis voluptatem velit. Voluptates soluta facere consequuntur voluptas similique aspernatur.,30845,9,2012-03-27 14:54:00 UTC,2012-03-27 14:54:00 UTC
177,Item Nisi Omnis,Dicta eligendi est delectus ea dolor commodi at. Quis eos molestiae dignissimos animi quam maxime aut. Est dolor eligendi est quisquam inventore. Libero unde harum enim magnam voluptatem.,40439,9,2012-03-27 14:54:00 UTC,2012-03-27 14:54:00 UTC
178,Item Distinctio Aut,Nemo occaecati illo non. Delectus vel aperiam ea. Facere ullam dolores qui. Quia vel qui consequuntur corporis rerum quia.,22442,9,2012-03-27 14:54:00 UTC,2012-03-27 14:54:00 UTC
179,Item Qui Veritatis,Totam labore quia harum dicta eum consequatur qui. Corporis inventore consequatur. Illum facilis tempora nihil placeat rerum sint est. Placeat ut aut. Eligendi perspiciatis unde eum sapiente velit.,90617,9,2012-03-27 14:54:00 UTC,2012-03-27 14:54:00 UTC
180,Item Ut Architecto,Est aperiam animi ut sequi. Et eius accusantium. Culpa sit atque provident omnis similique est. Qui eaque consequatur.,93839,9,2012-03-27 14:54:00 UTC,2012-03-27 14:54:00 UTC
181,Item Pariatur Mollitia,Officiis aut nulla. Asperiores nostrum consequuntur aspernatur libero distinctio est beatae. Est possimus maiores qui asperiores rerum ea. Dolorem voluptatem ut aliquam et ab.,21979,9,2012-03-27 14:54:00 UTC,2012-03-27 14:54:00 UTC
182,Item Recusandae Natus,Occaecati illum at non aspernatur. Enim eligendi et blanditiis consequatur. Est magni et quo odio.,13327,9,2012-03-27 14:54:00 UTC,2012-03-27 14:54:00 UTC
183,Item Eum Sed,Quos animi quia ab voluptate. Et soluta libero ea reiciendis ab eos. Ut et deleniti repudiandae.,57403,9,2012-03-27 14:54:00 UTC,2012-03-27 14:54:00 UTC
184,Item Adipisci Sunt,Earum et necessitatibus pariatur aut minus. Reiciendis sunt quo dignissimos aut. Maiores ea mollitia accusamus consequatur repellendus aspernatur. Non et dolorem fugiat tempore tempora molestias qui.,30845,9,2012-03-27 14:54:00 UTC,2012-03-27 14:54:00 UTC
185,Item Ut Similique,Voluptatem sint reprehenderit nobis libero ipsum recusandae impedit. Fugiat labore culpa. Autem est sed quia dolorem temporibus.,23175,9,2012-03-27 14:54:00 UTC,2012-03-27 14:54:00 UTC
186,Item Soluta Libero,Sit perferendis doloremque consequuntur et quisquam. Dignissimos ut magni. Animi aperiam necessitatibus eum. Earum error minus autem dolores debitis expedita et. Perferendis voluptatem itaque.,63013,9,2012-03-27 14:54:00 UTC,2012-03-27 14:54:00 UTC
187,Item Alias Repudiandae,Quas amet perspiciatis ducimus delectus id reprehenderit ea. Ipsam rem omnis rerum suscipit praesentium eum ipsum. Eos qui voluptatem aut.,47310,9,2012-03-27 14:54:00 UTC,2012-03-27 14:54:00 UTC
188,Item Optio Beatae,Exercitationem at eius. Voluptas dolorem numquam itaque earum vitae et corporis. Voluptates doloremque accusantium beatae maiores facilis similique. Rem asperiores laboriosam omnis error fuga. Officiis et blanditiis.,58459,9,2012-03-27 14:54:00 UTC,2012-03-27 14:54:00 UTC
189,Item Neque Enim,Nulla non commodi architecto sequi repellendus. Dolorum sed voluptatum. Quo omnis ex.,73258,9,2012-03-27 14:54:00 UTC,2012-03-27 14:54:00 UTC
190,Item Eaque Eos,Ea qui nulla. Doloremque aut aut aut quaerat vel in quis. Recusandae voluptate sint nesciunt vel eius.,1159,9,2012-03-27 14:54:00 UTC,2012-03-27 14:54:00 UTC
191,Item Voluptatem Quia,Id aliquam perspiciatis necessitatibus expedita impedit rerum sunt. Natus laborum eveniet qui molestias omnis. Ut aliquam optio blanditiis voluptatibus repellendus. Facilis odit inventore quo omnis in consequatur.,51285,9,2012-03-27 14:54:00 UTC,2012-03-27 14:54:00 UTC
192,Item Sapiente Est,Optio sapiente dolorem autem aspernatur. Totam maxime in dicta quis. Et enim autem hic quos nihil. Placeat nisi repellat quia cupiditate illum et distinctio.,60665,9,2012-03-27 14:54:00 UTC,2012-03-27 14:54:00 UTC
193,Item Et Alias,Qui delectus amet aut aut eum in. Quia cumque voluptas eos quod qui sapiente. Tempora iusto necessitatibus perspiciatis molestiae debitis est placeat. Quis delectus modi. Architecto eveniet aut.,98077,9,2012-03-27 14:54:00 UTC,2012-03-27 14:54:00 UTC
194,Item Cum Non,Quia iure nulla iste ad. Distinctio ex qui deserunt nihil. Consequatur nesciunt ipsa. Et esse nesciunt eos. Magnam nobis qui officiis soluta.,70506,9,2012-03-27 14:54:00 UTC,2012-03-27 14:54:00 UTC
195,Item Illum Non,Voluptatem id voluptas quibusdam aut maiores repudiandae. Rerum sed odit dolorum qui nihil. Tempora illo qui dolores est recusandae.,54969,9,2012-03-27 14:54:00 UTC,2012-03-27 14:54:00 UTC
196,Item Necessitatibus Voluptatibus,Veritatis quis at animi pariatur enim cumque cum. Rerum ut assumenda modi totam. Qui provident fugiat. Et sint possimus sit quo vel sed. Et at harum voluptates velit.,33317,9,2012-03-27 14:54:00 UTC,2012-03-27 14:54:00 UTC
197,Item Nemo Magni,Est perspiciatis blanditiis molestiae quis deserunt. Sint qui numquam sit blanditiis illo reprehenderit quis. Amet ipsam recusandae et. Nobis ut rerum animi. Enim et voluptas cupiditate non minus quasi quia.,14957,9,2012-03-27 14:54:00 UTC,2012-03-27 14:54:00 UTC
198,Item Doloribus Molestiae,Incidunt minima earum ipsam error. Ut non consequatur nesciunt eligendi ea iure aut. Alias dicta cumque ipsam dolore. In enim sunt voluptas molestias a adipisci.,76836,9,2012-03-27 14:54:00 UTC,2012-03-27 14:54:00 UTC
199,Item Ut Inventore,Rerum quas ad sit ullam est asperiores. Sapiente similique mollitia blanditiis numquam facere. Perspiciatis cum amet consequatur impedit voluptas labore.,79146,9,2012-03-27 14:54:00 UTC,2012-03-27 14:54:00 UTC
200,Item Enim Modi,Magni qui quis eius debitis necessitatibus. Perferendis incidunt dignissimos. Magni quis accusamus.,96903,9,2012-03-27 14:54:00 UTC,2012-03-27 14:54:00 UTC
201,Item Explicabo Ipsam,Est facilis sunt molestias nam praesentium aspernatur. Reiciendis tenetur culpa at repellat. Non illum nesciunt. Sed vel et odio sint. Nemo sequi minima inventore.,77409,10,2012-03-27 14:54:00 UTC,2012-03-27 14:54:00 UTC
202,Item Molestias Molestiae,Doloremque qui recusandae modi unde. Vitae consequatur commodi recusandae sunt occaecati et. Autem vel sit quos voluptatem excepturi.,81497,10,2012-03-27 14:54:00 UTC,2012-03-27 14:54:00 UTC
203,Item At Qui,Sit nemo porro dolorum quasi impedit harum. Rerum dolore libero totam laudantium sed distinctio aut. Officiis maiores non dignissimos et quae. Veritatis quo et consequatur. Quaerat nihil voluptas.,99465,10,2012-03-27 14:54:00 UTC,2012-03-27 14:54:00 UTC
204,Item Aliquam Et,Provident laudantium quis. Eveniet eos eos. Eos ea rerum laborum ex. Enim mollitia eligendi pariatur nihil non voluptatem consectetur.,21739,10,2012-03-27 14:54:00 UTC,2012-03-27 14:54:00 UTC
205,Item Ad Vel,Ea harum neque aperiam sint quos. Ipsum quia reiciendis nisi et corrupti maiores. Ea ab corporis.,98947,10,2012-03-27 14:54:00 UTC,2012-03-27 14:54:00 UTC
206,Item Laboriosam Sequi,Quasi id vel. Et non et asperiores ut tempora aut odit. Et eum porro consequatur consequatur non autem. Fugit iure porro tenetur exercitationem. Quod quos in quo ut consequatur delectus modi.,78612,10,2012-03-27 14:54:00 UTC,2012-03-27 14:54:00 UTC
207,Item Rerum Ex,Quia reprehenderit officia. Quia possimus qui velit omnis atque alias voluptatibus. Exercitationem deleniti veritatis ut. Ea ipsum eum provident rem quod pariatur. Quidem et quam enim sit id voluptatem pariatur.,32427,11,2012-03-27 14:54:00 UTC,2012-03-27 14:54:00 UTC
208,Item Eveniet Perferendis,Ullam consectetur consequatur veritatis sunt deleniti. Deleniti porro error aut. At ex cum repellat. Inventore est eum a consequatur. Nesciunt autem quia aut sit dolor quas.,48543,11,2012-03-27 14:54:00 UTC,2012-03-27 14:54:00 UTC
209,Item Nihil Et,Dignissimos tempora beatae omnis atque exercitationem vitae. Similique quis aut dolor. Et aut odit. Laboriosam reiciendis magni est fugit corrupti unde odit. Nobis ut dolorum excepturi.,23092,11,2012-03-27 14:54:00 UTC,2012-03-27 14:54:00 UTC
210,Item Aut Sit,Rerum eos sapiente repellendus cupiditate praesentium. Nulla sint quisquam corrupti autem. Sapiente unde doloremque non et sunt ipsa.,24429,12,2012-03-27 14:54:00 UTC,2012-03-27 14:54:00 UTC
211,Item Commodi Eveniet,Et exercitationem quas et expedita enim laborum. Facere incidunt illum expedita praesentium. Sequi ut labore sint in.,7737,12,2012-03-27 14:54:00 UTC,2012-03-27 14:54:00 UTC
212,Item Architecto Vitae,Rerum odit qui nostrum eveniet dicta in aut. Velit excepturi odio sapiente perspiciatis in aliquam repudiandae. Est et rerum.,2609,12,2012-03-27 14:54:00 UTC,2012-03-27 14:54:00 UTC
213,Item Iste Occaecati,Voluptates ad cum modi mollitia nihil reiciendis. Possimus est qui ut eos. Aspernatur ipsum quia delectus distinctio sed. Dolor labore veritatis.,40711,12,2012-03-27 14:54:00 UTC,2012-03-27 14:54:00 UTC
214,Item Quidem Dolorum,Laboriosam labore et minus. Et et repellendus esse fuga. Iure inventore in corrupti et aut eveniet. Molestiae repudiandae quia quo quo.,96654,12,2012-03-27 14:54:00 UTC,2012-03-27 14:54:00 UTC
215,Item Quo Soluta,Aut adipisci et consequatur rem. Suscipit ut dolor doloremque quam et laboriosam. Et ut id.,55292,12,2012-03-27 14:54:00 UTC,2012-03-27 14:54:00 UTC
216,Item Accusantium Veniam,Aspernatur nihil illum velit eaque consequatur quaerat ipsa. Velit voluptas officiis eaque minima fugit. Autem non et veritatis distinctio officia vero.,72042,12,2012-03-27 14:54:00 UTC,2012-03-27 14:54:00 UTC
217,Item Quos Voluptas,Enim velit quo quos occaecati quam corporis aspernatur. Sit delectus nisi sunt. Fugit inventore autem et labore.,60333,12,2012-03-27 14:54:00 UTC,2012-03-27 14:54:00 UTC
218,Item Voluptate Omnis,Debitis dolore mollitia quis tempore repellat molestiae soluta. Tempore minima at. Nemo magnam modi et quis amet aut. Similique adipisci aliquid tempore.,46258,12,2012-03-27 14:54:00 UTC,2012-03-27 14:54:00 UTC
219,Item Omnis Adipisci,Impedit qui non et voluptatibus itaque quos. Ullam ut quia ut blanditiis consequatur exercitationem consectetur. Sit quia expedita fuga ut.,57616,13,2012-03-27 14:54:00 UTC,2012-03-27 14:54:00 UTC
220,Item Blanditiis Molestiae,Consectetur distinctio aut sint. Tenetur dolores velit quae enim. Quisquam maxime quod deleniti aut quia accusantium.,2498,13,2012-03-27 14:54:00 UTC,2012-03-27 14:54:00 UTC
221,Item In Mollitia,Provident reprehenderit sunt laborum optio. Suscipit dolor ab ea ut et explicabo. Impedit id facere. Iusto voluptatem nesciunt ipsum veritatis iure. Hic voluptatibus nam assumenda.,72566,13,2012-03-27 14:54:00 UTC,2012-03-27 14:54:00 UTC
222,Item Exercitationem Magni,Voluptas iste enim voluptatem nobis. Qui ratione deleniti rerum reprehenderit. Consequatur ratione officiis doloribus excepturi. Nostrum occaecati et quisquam repudiandae omnis eum.,39862,13,2012-03-27 14:54:00 UTC,2012-03-27 14:54:00 UTC
223,Item Voluptates Cum,Autem est dolorem optio dolorem rem cum ut. Dolorem aut ab ex. Repudiandae quia quibusdam in voluptatem totam.,15165,13,2012-03-27 14:54:00 UTC,2012-03-27 14:54:00 UTC
224,Item Est Non,Quis saepe quo perspiciatis possimus et commodi. Repellat est sed tempore rem laboriosam ad. Veritatis minima vero quae voluptatem assumenda.,6963,13,2012-03-27 14:54:00 UTC,2012-03-27 14:54:00 UTC
225,Item Et Consequatur,Occaecati excepturi voluptates repudiandae consequatur amet quia. Saepe explicabo libero. Explicabo reiciendis reprehenderit est error et et. Alias illo quae. Maxime sapiente quas.,61980,13,2012-03-27 14:54:00 UTC,2012-03-27 14:54:00 UTC
226,Item Aut Debitis,Velit tenetur corrupti sed repudiandae doloremque quia. Molestiae necessitatibus voluptatem. Quis ex sed nobis. Nisi ut laudantium quibusdam eius.,89958,13,2012-03-27 14:54:00 UTC,2012-03-27 14:54:00 UTC
227,Item Dicta Autem,Fugiat est ut eum impedit vel et. Deleniti quia debitis similique. Sint atque explicabo similique est. Iste fugit quis voluptas. Rerum ut harum sed fugiat eveniet ullam ut.,85319,14,2012-03-27 14:54:00 UTC,2012-03-27 14:54:00 UTC
228,Item Ut Aliquam,Quia libero sed porro. Exercitationem dolor laboriosam vitae est ducimus et. Eveniet nihil cum quis exercitationem sequi quidem. Velit occaecati et officiis dolorem consequuntur ad. Ut soluta debitis deserunt.,65650,15,2012-03-27 14:54:00 UTC,2012-03-27 14:54:00 UTC
229,Item Labore Perspiciatis,Exercitationem id rerum molestiae. Exercitationem nulla vitae quis aliquam. Omnis aut deleniti dicta. Aliquid maiores est perspiciatis quod. Provident rem hic libero.,60971,15,2012-03-27 14:54:00 UTC,2012-03-27 14:54:00 UTC
230,Item Officia Voluptatem,Iusto voluptatem distinctio modi eveniet deserunt. Necessitatibus atque alias nostrum unde. Velit ipsum tempora qui voluptates.,86434,15,2012-03-27 14:54:00 UTC,2012-03-27 14:54:00 UTC
231,Item Et Rerum,Perferendis ipsa alias molestias autem modi. Magni et consequatur. Quas dolorem dicta ut culpa et. Voluptate est sit asperiores perferendis. Quod et consequatur.,84976,15,2012-03-27 14:54:00 UTC,2012-03-27 14:54:00 UTC
232,Item Laborum Velit,Enim rerum aut sunt nemo. Ea et sequi. Laudantium assumenda nihil non in occaecati iure voluptatibus. Incidunt doloribus eum est fugiat tenetur laudantium. Error totam nesciunt doloribus id dolorum sunt.,68458,15,2012-03-27 14:54:00 UTC,2012-03-27 14:54:00 UTC
233,Item Nisi Minus,Iusto nemo voluptas dolore architecto. Voluptatem qui dolorum hic soluta eligendi sunt at. Voluptates quasi quas dolores. Sed veniam voluptatibus ipsa optio.,37534,15,2012-03-27 14:54:00 UTC,2012-03-27 14:54:00 UTC
234,Item Et Ipsam,Repellat quaerat ab. Enim autem quas sapiente ut sed. Dolores vel sint.,87917,15,2012-03-27 14:54:00 UTC,2012-03-27 14:54:00 UTC
235,Item Aut Laudantium,Est voluptatum et esse ab nobis. Soluta numquam expedita ut dolores atque praesentium laudantium. Nobis aut enim voluptas non ipsum praesentium. Aut provident et praesentium nemo numquam.,38488,15,2012-03-27 14:54:00 UTC,2012-03-27 14:54:00 UTC
236,Item Nesciunt Alias,Sit voluptas voluptates consequuntur non inventore mollitia aut. Quae sint asperiores sint nisi. A rerum adipisci sequi. Fugiat ad eligendi vel ex.,74188,15,2012-03-27 14:54:00 UTC,2012-03-27 14:54:00 UTC
237,Item Maiores Nihil,Tempore quidem vel nam distinctio sint in veniam. Harum vel quis saepe libero reprehenderit accusamus voluptatem. Facilis debitis laborum. Provident unde aut sed voluptatem. Architecto quas omnis molestiae saepe officia sit.,36602,15,2012-03-27 14:54:00 UTC,2012-03-27 14:54:00 UTC
238,Item Sunt Molestiae,Odio sunt at molestias quia similique. Sint hic quod consequatur. Natus sint vel velit eius. A molestiae sed vel odio. Modi labore doloribus laboriosam perferendis tenetur.,53201,15,2012-03-27 14:54:00 UTC,2012-03-27 14:54:00 UTC
239,Item Ducimus Et,Assumenda ex sed. Eaque ut et incidunt. Nam voluptates harum ipsa autem consequatur ea. Sed voluptates rerum corporis.,27953,15,2012-03-27 14:54:00 UTC,2012-03-27 14:54:00 UTC
240,Item Magnam Corrupti,Est molestiae optio autem non necessitatibus. Reprehenderit corporis eius. In quam totam. Aut omnis quo velit sunt voluptatum vel voluptates.,96344,15,2012-03-27 14:54:00 UTC,2012-03-27 14:54:00 UTC
241,Item Odit Laboriosam,Laudantium quisquam ullam non aliquid ipsa et. Aut error sed suscipit cupiditate. Distinctio enim consequatur et.,89218,15,2012-03-27 14:54:00 UTC,2012-03-27 14:54:00 UTC
242,Item Recusandae Sequi,Rerum voluptas sit dolorum officia non. Voluptatem debitis commodi modi. Voluptatibus excepturi eos ut sunt. Ipsam harum voluptatem.,64297,15,2012-03-27 14:54:00 UTC,2012-03-27 14:54:00 UTC
243,Item Voluptates Perferendis,Eum magni molestias tempora voluptatem in. Non quia qui explicabo. Voluptatem id atque in repudiandae. Ullam dicta sed fuga.,70181,15,2012-03-27 14:54:00 UTC,2012-03-27 14:54:00 UTC
244,Item Dolorem Quas,Accusantium porro ducimus. Eos reiciendis consequatur. Libero iste officia nemo molestias omnis rem voluptatum. Laboriosam quo quas ea ut deleniti. Mollitia fuga quo maiores qui quia.,97806,15,2012-03-27 14:54:00 UTC,2012-03-27 14:54:00 UTC
245,Item Ratione Nostrum,Id culpa officiis doloremque sapiente nostrum dolores. Cupiditate repellat repellendus ratione non et et. Mollitia velit optio consequatur sunt illum assumenda. Cupiditate cum accusamus sed fugiat et et.,42593,15,2012-03-27 14:54:00 UTC,2012-03-27 14:54:00 UTC
246,Item Cumque Quaerat,Qui non temporibus quidem cumque et rerum. Quidem vero doloribus enim. Illum repudiandae cum autem ea. Repellendus vero fugit. Ut impedit dolores soluta numquam dolore veritatis eaque.,64317,15,2012-03-27 14:54:00 UTC,2012-03-27 14:54:00 UTC
247,Item Voluptates Occaecati,Quae ut reiciendis. Dignissimos aliquam aut minima optio sed quo porro. Voluptatem occaecati dolores qui corrupti velit. Dolores eaque odio vel. Dolorum perferendis modi odit.,555,15,2012-03-27 14:54:00 UTC,2012-03-27 14:54:00 UTC
248,Item Voluptatem Quam,Et quis delectus quia consectetur rerum nulla exercitationem. Repellendus vel et iusto nobis molestiae. Est sed sequi suscipit nihil dignissimos enim.,79241,15,2012-03-27 14:54:00 UTC,2012-03-27 14:54:00 UTC
249,Item Odit Quod,Modi doloribus sunt repellendus architecto est qui repudiandae. Optio labore voluptatum. A totam quisquam tenetur eaque. Repudiandae voluptate qui veniam consequuntur. Accusamus dolores nihil ut minus hic odit deserunt.,86384,15,2012-03-27 14:54:00 UTC,2012-03-27 14:54:00 UTC
250,Item Sint Porro,Molestiae quia sint velit. Dolorem molestiae in ea maiores. Est impedit quia. Nihil illum magni omnis qui. Explicabo tempora vel ullam.,20021,15,2012-03-27 14:54:00 UTC,2012-03-27 14:54:00 UTC
251,Item Corporis Inventore,Vero totam temporibus omnis. Accusamus sed excepturi sit ad magni odit quas. Dolor ad vel iste occaecati. Iste consequatur quidem.,72848,15,2012-03-27 14:54:00 UTC,2012-03-27 14:54:00 UTC
252,Item Ducimus Eaque,Sequi veritatis tempora occaecati vel. A eum et et. Repellendus ratione rem odio iste maxime exercitationem. Nobis officiis commodi. Ipsam est suscipit repudiandae ut nemo laudantium rem.,17186,15,2012-03-27 14:54:00 UTC,2012-03-27 14:54:00 UTC
253,Item Praesentium Consectetur,Commodi dignissimos cupiditate alias sunt quia ut consequatur. Quidem repudiandae ratione quia id. Sunt enim ullam nisi et et voluptatum. Impedit quos est cupiditate nostrum magni.,72793,15,2012-03-27 14:54:00 UTC,2012-03-27 14:54:00 UTC
254,Item Dolor Dolores,Sequi ut doloremque corrupti. Et tenetur omnis sapiente saepe sunt. Ducimus velit illum tempora quasi dolorum nobis. Sapiente inventore sunt.,85267,15,2012-03-27 14:54:00 UTC,2012-03-27 14:54:00 UTC
255,Item Sit Voluptas,Est eius eveniet labore ipsam assumenda aliquam. Inventore consequatur nihil provident soluta quae dolores. Velit eum maxime autem nihil tenetur.,3308,15,2012-03-27 14:54:00 UTC,2012-03-27 14:54:00 UTC
256,Item Officiis Qui,Possimus ut magnam. Eos amet quibusdam sed omnis laudantium incidunt. Deserunt reprehenderit harum similique distinctio rerum est sit.,32256,15,2012-03-27 14:54:00 UTC,2012-03-27 14:54:00 UTC
257,Item Aliquid Voluptate,Nemo aliquid occaecati suscipit qui impedit. Et a voluptas soluta omnis aspernatur qui. A quaerat tempora assumenda. Neque unde nemo minus molestiae nulla ea.,46367,15,2012-03-27 14:54:00 UTC,2012-03-27 14:54:00 UTC
258,Item Aut Consequatur,Et blanditiis sapiente tempora. Iure ut repellat qui distinctio dicta. Velit accusamus facere doloribus eum. Ullam quas sit et quae.,42640,15,2012-03-27 14:54:00 UTC,2012-03-27 14:54:00 UTC
259,Item Necessitatibus Expedita,Non odit repellendus. Dolorem perferendis non qui asperiores quisquam nam dolores. Et exercitationem nam nihil perferendis natus. Quae qui aliquam beatae enim numquam deserunt neque.,43408,16,2012-03-27 14:54:00 UTC,2012-03-27 14:54:00 UTC
260,Item Possimus Qui,Ad eos voluptates perspiciatis esse molestias voluptatem et. Est voluptatibus suscipit aspernatur. Ratione eligendi nostrum labore.,25103,16,2012-03-27 14:54:00 UTC,2012-03-27 14:54:00 UTC
261,Item Et Debitis,Quis provident aut. Fugit accusamus veritatis non. Quod ut ut et quaerat dolores voluptate.,33463,16,2012-03-27 14:54:00 UTC,2012-03-27 14:54:00 UTC
262,Item Omnis Nesciunt,Vero eum adipisci. Ut eius numquam dolorem. Autem ut veritatis. Incidunt sint minima et optio facilis modi. Libero repudiandae amet qui vel nam dolorem error.,38846,16,2012-03-27 14:54:00 UTC,2012-03-27 14:54:00 UTC
263,Item Quidem Laudantium,Magnam sint quasi ipsa quaerat saepe et et. Molestias porro tempore earum non iusto dicta. Debitis ad deleniti molestiae iste. Ea est perferendis et omnis est harum.,13569,16,2012-03-27 14:54:00 UTC,2012-03-27 14:54:00 UTC
264,Item Error Voluptatem,Quaerat doloribus voluptate in et a. Non fugiat recusandae ut provident molestiae. Quae cum pariatur ullam exercitationem consectetur voluptas quo. Maiores eius fugit iure nostrum.,23208,16,2012-03-27 14:54:00 UTC,2012-03-27 14:54:00 UTC
265,Item Illo Facilis,Omnis ullam ut qui temporibus voluptas sed dicta. Pariatur modi sit omnis voluptatum omnis consequatur. Saepe doloremque perspiciatis nihil dicta. Delectus voluptatem est nobis hic illum incidunt accusantium.,35915,16,2012-03-27 14:54:00 UTC,2012-03-27 14:54:00 UTC
266,Item Ut Modi,Eos exercitationem facilis in aliquam. Et velit voluptas corrupti quia omnis dolorem repellendus. Ipsum et dolores fugit est molestiae. Autem minima unde quos voluptas sed ut iure. Laborum sunt debitis provident laboriosam.,12093,16,2012-03-27 14:54:00 UTC,2012-03-27 14:54:00 UTC
267,Item Non Possimus,Est omnis necessitatibus. Quod dolor et quas illum. At dolorum aut odio laudantium. Voluptates similique omnis quis nihil consequuntur. Voluptatum necessitatibus velit quibusdam.,71418,16,2012-03-27 14:54:00 UTC,2012-03-27 14:54:00 UTC
268,Item Quia Nesciunt,Qui ut perspiciatis rem sed ex beatae nobis. Quisquam fuga velit eaque quis. Nobis sunt non laudantium ut et quo. Libero nostrum optio vel dolorem.,43943,16,2012-03-27 14:54:00 UTC,2012-03-27 14:54:00 UTC
269,Item Est Nisi,Ipsam facere ut eum doloremque temporibus. Debitis iusto cumque quis necessitatibus ut. Fuga consequatur natus. Quisquam eius et veniam quaerat aut. Autem et cupiditate hic ut iusto.,70536,16,2012-03-27 14:54:00 UTC,2012-03-27 14:54:00 UTC
270,Item Qui Voluptatibus,Omnis quo corrupti. Nostrum ut et accusamus harum. Sed quasi excepturi quia porro ut doloribus.,6003,16,2012-03-27 14:54:00 UTC,2012-03-27 14:54:00 UTC
271,Item Consequatur Est,Error consectetur fugiat debitis iure. Commodi debitis et eveniet minus voluptatem voluptas. Et nulla in vero et est. Autem sunt architecto. Quam tenetur quia ut consectetur eum et adipisci.,79010,16,2012-03-27 14:54:00 UTC,2012-03-27 14:54:00 UTC
272,Item Sunt Quo,Voluptas consequuntur est et recusandae. Fugit animi ut voluptatem eos unde. Sunt sint ut voluptatem ipsum sapiente nisi quasi. Voluptatem quo perspiciatis.,47882,16,2012-03-27 14:54:00 UTC,2012-03-27 14:54:00 UTC
273,Item Ipsum Necessitatibus,Reprehenderit voluptates debitis ipsam. Expedita quo impedit aut dolores assumenda maiores ea. Consectetur neque at blanditiis. Rerum nesciunt eius numquam aliquam earum quis. Dolorum dolorem fugit provident illum quas dolores magnam.,46617,16,2012-03-27 14:54:00 UTC,2012-03-27 14:54:00 UTC
274,Item Ducimus Architecto,Sed saepe omnis voluptatem nulla omnis. Expedita maiores facere veritatis nemo eius sit. Molestiae quibusdam et perspiciatis iusto. Sunt voluptatibus et impedit facilis necessitatibus illum sed.,16778,16,2012-03-27 14:54:00 UTC,2012-03-27 14:54:00 UTC
275,Item Quae Modi,Cum omnis incidunt veniam consequatur praesentium. Fuga eos distinctio facilis velit. Non ut sint sint tempora molestiae. Impedit perferendis rerum ratione.,73399,16,2012-03-27 14:54:00 UTC,2012-03-27 14:54:00 UTC
276,Item Ut Sed,Accusamus et in. Ut qui aliquid. Qui accusamus vel asperiores officiis. Rem aliquam doloribus repellendus. Qui iure et sed.,2052,16,2012-03-27 14:54:00 UTC,2012-03-27 14:54:00 UTC
277,Item Magnam Inventore,Est praesentium ullam. Corporis harum ea incidunt. Eaque dolor explicabo et deserunt pariatur incidunt. Et architecto et nulla voluptatem.,37996,16,2012-03-27 14:54:00 UTC,2012-03-27 14:54:00 UTC
278,Item Labore Vel,Sed a at ex voluptatem vel dolorem. Aspernatur nostrum dolor a. Provident necessitatibus alias reprehenderit voluptas odit mollitia. Nemo illum eius ratione et non itaque sed. Consequatur et eum pariatur nisi quos.,78243,16,2012-03-27 14:54:00 UTC,2012-03-27 14:54:00 UTC
279,Item Et Maiores,Odit inventore repudiandae at aut eligendi. Ipsa quidem impedit. Nisi doloribus sequi esse. Explicabo alias quia. Quis reiciendis porro eveniet.,36166,16,2012-03-27 14:54:00 UTC,2012-03-27 14:54:00 UTC
280,Item Mollitia Quam,Voluptates autem illum ex eveniet et dignissimos. Expedita fugit perspiciatis adipisci. Quae non quia et qui sit aut facere. Rerum rem porro.,44775,16,2012-03-27 14:54:00 UTC,2012-03-27 14:54:00 UTC
281,Item Placeat Odio,Quia ex illo et iusto maiores velit. Ut repellendus ipsum et. Accusamus veniam voluptates repudiandae tenetur. Molestiae quasi nobis.,30695,17,2012-03-27 14:54:00 UTC,2012-03-27 14:54:00 UTC
282,Item Vel Amet,Qui officiis repudiandae et et optio ut. Quaerat deserunt reprehenderit sit. Dolorem atque doloremque aspernatur. Commodi doloremque repellat officiis. Harum in perspiciatis rerum molestias commodi ipsa aut.,29921,17,2012-03-27 14:54:00 UTC,2012-03-27 14:54:00 UTC
283,Item Aut Id,Enim quod rerum magnam hic consectetur a impedit. Porro quis ut. Ipsam quia corporis.,14797,17,2012-03-27 14:54:00 UTC,2012-03-27 14:54:00 UTC
284,Item Consequatur Enim,Quidem excepturi sint voluptatem sunt. Enim et maxime harum. Quia voluptatibus quia. Veniam necessitatibus non dolores aliquam. Aut non eaque.,14406,17,2012-03-27 14:54:00 UTC,2012-03-27 14:54:00 UTC
285,Item Quis Ea,Accusamus dicta dignissimos quia possimus velit dolor harum. Quia neque explicabo. Amet qui et corporis.,66098,17,2012-03-27 14:54:00 UTC,2012-03-27 14:54:00 UTC
286,Item Occaecati Quis,Quibusdam veniam qui. Voluptatum sit est quas sit. Reprehenderit et vel soluta quo temporibus vero est. Dolore maxime voluptatem doloremque omnis quo.,33554,18,2012-03-27 14:54:00 UTC,2012-03-27 14:54:00 UTC
287,Item Blanditiis Voluptates,Quod rerum iusto. Laboriosam molestiae voluptatum error fugiat perspiciatis incidunt. Iure quaerat laboriosam. A quia ex non perferendis quibusdam.,70456,18,2012-03-27 14:54:00 UTC,2012-03-27 14:54:00 UTC
288,Item Tenetur Voluptatum,Dolor fuga quidem ex sit impedit assumenda excepturi. Iste placeat repudiandae officia sed eum a. Corrupti incidunt et distinctio est porro ut. Magnam facilis ut reprehenderit ab sint repellat. Ullam vitae ut aut sapiente assumenda.,36365,18,2012-03-27 14:54:00 UTC,2012-03-27 14:54:00 UTC
289,Item Eveniet Nihil,Voluptatem quia distinctio. Sapiente quos sit dolores magni. Enim vel dolores totam voluptatem natus. Tenetur nesciunt veritatis eius architecto. Dignissimos accusamus hic delectus mollitia vero ut.,84007,18,2012-03-27 14:54:00 UTC,2012-03-27 14:54:00 UTC
290,Item Rerum Tempore,Inventore vitae qui enim officia totam. In autem quod cumque voluptatibus doloribus temporibus maiores. Ut quidem rem modi eligendi aperiam nulla officia.,40926,18,2012-03-27 14:54:00 UTC,2012-03-27 14:54:00 UTC
291,Item Et Ut,Quia dicta et nihil debitis. Velit consectetur beatae. Nulla sunt eligendi debitis sint molestias vitae. Enim libero nihil delectus aut voluptas.,72369,18,2012-03-27 14:54:00 UTC,2012-03-27 14:54:00 UTC
292,Item Excepturi Dolorem,Dolorem enim qui nulla praesentium illum est. Recusandae qui qui ut doloremque reprehenderit sapiente. Eveniet aut rerum qui. Consequatur provident omnis quae ea id inventore. Tempora quidem eius.,65674,18,2012-03-27 14:54:00 UTC,2012-03-27 14:54:00 UTC
293,Item Magni Eveniet,Aliquam tenetur inventore corporis occaecati perspiciatis. Tempora ea deserunt natus at dolores facilis. Earum vel aut eos rerum ipsum repudiandae quaerat. Quia omnis et distinctio alias aperiam. Quis adipisci dolorum dolorem minima labore dolore.,70038,18,2012-03-27 14:54:00 UTC,2012-03-27 14:54:00 UTC
294,Item In Sapiente,Saepe ipsam qui. Perspiciatis enim voluptas non eligendi quidem earum corporis. Rerum similique debitis et. Est et voluptate magnam neque at quidem sint.,83432,18,2012-03-27 14:54:00 UTC,2012-03-27 14:54:00 UTC
295,Item Ipsum Ut,Maxime deleniti et odio dolor. Nobis mollitia quis impedit. Totam molestiae ut occaecati aliquid. Iste velit voluptate officia temporibus consequatur aperiam.,22438,18,2012-03-27 14:54:00 UTC,2012-03-27 14:54:00 UTC
296,Item Accusamus Commodi,Quisquam ullam sit. Non autem veritatis nostrum assumenda atque. In saepe exercitationem quia. Quidem delectus nobis voluptate sunt. Odit impedit id itaque quis beatae.,53249,18,2012-03-27 14:54:00 UTC,2012-03-27 14:54:00 UTC
297,Item Eaque Ad,Velit temporibus in non autem non nam ut. Qui ipsam id nemo et accusantium cumque. Est labore ut perspiciatis quo.,68842,18,2012-03-27 14:54:00 UTC,2012-03-27 14:54:00 UTC
298,Item Inventore At,Alias ea quibusdam itaque cumque veritatis. Excepturi ut qui optio vero atque. Dolorum cumque tempora culpa et veniam consequuntur est.,9898,18,2012-03-27 14:54:00 UTC,2012-03-27 14:54:00 UTC
299,Item Doloribus Blanditiis,Commodi vero quasi nulla. Commodi facilis molestiae id sunt numquam hic explicabo. Ex quasi dolore ut mollitia ea fuga.,6912,18,2012-03-27 14:54:00 UTC,2012-03-27 14:54:00 UTC
300,Item Illum Et,Voluptates explicabo placeat dolor. Quo accusantium alias et quia eveniet quisquam. Et cupiditate eos ut quis exercitationem. Non et ratione alias temporibus.,59976,18,2012-03-27 14:54:00 UTC,2012-03-27 14:54:00 UTC

